ID,ORIG_FID,ORIG_LEN,fclass,name,lon,lat,LST,NDVI,GVI_Mean
324,2653,100.0,primary,Ang Mo Kio Avenue 6,103.84505619,1.37502906,42.1488866806,0.038798993,0.0853118896484375
325,783,50.0,primary,Ang Mo Kio Avenue 6,103.8450688,1.37441378,41.4811442693,0.059612419,0.099283447265625
326,2463,50.0,primary,Ang Mo Kio Avenue 6,103.84501171,1.37487198,40.977015904,0.037441658,0.0715716552734375
327,367,50.0,residential,Ang Mo Kio Central 2,103.84619603,1.37326869,40.4344406128,0.326520847,0.3173779296875
328,92,50.0,primary,Ang Mo Kio Avenue 6,103.84516029,1.37421947,40.2466528756,0.102351662,0.0908685302734375
329,1439,50.0,residential,Mayflower Way,103.84073001,1.37227871,40.0137672424,0.286683855,0.20568420410156252
330,2531,150.0,residential,Mayflower Crescent,103.84027715,1.37224528,39.9829638554,0.24648989,0.127791748046875
331,890,50.0,residential,Mayflower Avenue,103.83885696,1.37276649,39.9054570879,0.372722547,0.49679565429687494
332,822,50.0,primary,Ang Mo Kio Avenue 5,103.85700404,1.37603062,39.6140306913,0.48624198,0.4126190185546875
333,941,50.0,residential,Mayflower Way,103.83990482,1.37217226,39.428427015,0.245835833,0.161217041015625
334,1290,50.0,residential,Ang Mo Kio Central 2,103.84640007,1.37294453,39.3537607193,0.398341735,0.402674560546875
335,2024,250.0,residential,Mayflower Place,103.84074291,1.37261409,39.3462958703,0.269202025,0.1325421142578125
336,1079,50.0,residential,Ang Mo Kio Central 2,103.84560137,1.3741237,39.3215258462,0.308678986,0.3184466552734375
337,1423,100.0,residential,Ang Mo Kio Street 43,103.85596976,1.36726311,39.2717900957,0.472479744,0.43180725097656253
338,2194,50.0,residential,Mayflower Terrace,103.8406692,1.37167336,39.2700125376,0.215696758,0.178551025390625
339,1507,50.0,residential,Mayflower Rise,103.83839351,1.37226161,39.2471070971,0.572326877,0.63058349609375
340,2531,100.0,residential,Mayflower Crescent,103.84007921,1.37265121,39.2360087803,0.572006945,0.47901855468750004
341,2653,50.0,primary,Ang Mo Kio Avenue 6,103.84500032,1.37547773,39.1820934002,0.039459842,0.0715765380859375
342,2193,50.0,primary,Ang Mo Kio Avenue 5,103.85775481,1.37622945,39.1121836576,0.308588264,0.2838751220703125
343,2463,100.0,primary,Ang Mo Kio Avenue 6,103.84495283,1.37532026,39.103635788,0.024480841,0.073426513671875
344,2309,50.0,primary,Ang Mo Kio Avenue 5,103.85802317,1.37649011,39.0618506212,0.218428883,0.1615667724609375
345,1191,200.0,primary,Ang Mo Kio Avenue 6,103.84541759,1.37220433,39.0429243608,0.061418871,0.122164306640625
346,1191,150.0,primary,Ang Mo Kio Avenue 6,103.84536011,1.3726528,38.9650870103,0.036113856,0.10661376953124999
347,303,50.0,primary,Ang Mo Kio Avenue 8,103.84913981,1.36993514,38.9406920213,0.130168659,0.16789306640625
348,1290,100.0,residential,Ang Mo Kio Central 2,103.84684603,1.37299951,38.9224555276,0.508312399,0.50635009765625
349,2194,100.0,residential,Mayflower Terrace,103.84022404,1.37161223,38.9223685631,0.228158038,0.23579589843749998
350,846,100.0,primary,Ang Mo Kio Avenue 8,103.84845876,1.37132556,38.8878933589,0.472058617,0.4374102783203125
351,801,50.0,primary,Ang Mo Kio Avenue 8,103.84915572,1.37015588,38.8837168557,0.073508699,0.087767333984375
352,523,50.0,residential,Ang Mo Kio Street 53,103.85089126,1.37511878,38.8551265172,0.304172783,0.307281494140625
353,345,50.0,primary,Ang Mo Kio Avenue 3,103.85635084,1.36915607,38.8028899602,0.288103479,0.22057128906249998
354,2615,100.0,primary,Ang Mo Kio Avenue 5,103.85708523,1.37622305,38.7940271818,0.528320191,0.4844219970703125
355,1817,50.0,primary,Ang Mo Kio Avenue 3,103.85629394,1.36926871,38.7419914832,0.213894798,0.29052978515625
356,1726,50.0,primary,Ang Mo Kio Avenue 6,103.84525868,1.37235437,38.6660385132,0.07905989,0.1116302490234375
357,1191,250.0,primary,Ang Mo Kio Avenue 6,103.84547506,1.37175586,38.659579057,0.086939,0.09762878417968751
358,162,50.0,residential,Ang Mo Kio Street 43,103.85588474,1.36718699,38.629549299,0.441479356,0.4845733642578125
359,2561,100.0,primary,Ang Mo Kio Avenue 8,103.84840711,1.37181557,38.5812055148,0.475663958,0.4574822998046875
360,1458,50.0,residential,Ang Mo Kio Central 2,103.84565294,1.37406997,38.5136525081,0.396826369,0.3184466552734375
361,760,50.0,residential,Mayflower Avenue,103.83930669,1.3724203,38.4878871624,0.457264026,0.4699713134765625
362,2024,100.0,residential,Mayflower Place,103.83988343,1.37352443,38.4870351156,0.335259829,0.3922802734375
363,1029,50.0,primary,Ang Mo Kio Avenue 5,103.8582094,1.3763425,38.4689754139,0.192638456,0.13690673828125
364,2560,50.0,primary,Ang Mo Kio Avenue 8,103.8481727,1.37244717,38.417109056,0.385092394,0.43641784667968747
365,164,100.0,residential,Serenade Walk,103.83468676,1.37934747,38.4137565068,0.337093662,0.27124755859375
366,1507,100.0,residential,Mayflower Rise,103.83879664,1.37206198,38.3757843604,0.378295097,0.388096923828125
367,2531,50.0,residential,Mayflower Crescent,103.83978829,1.37295847,38.357787541,0.611924993,0.5452667236328125
368,643,100.0,primary,Ang Mo Kio Avenue 6,103.84545004,1.37094138,38.3420219421,0.043787057,0.0113995361328125
369,1049,50.0,primary,Ang Mo Kio Avenue 6,103.8453767,1.37150754,38.3320032756,0.031535441,0.0461749267578125
370,1740,50.0,primary,Ang Mo Kio Avenue 3,103.84869928,1.36883698,38.3206323477,0.200378761,0.2810888671875
371,1989,50.0,residential,Ang Mo Kio Street 53,103.85086131,1.37552071,38.3153603294,0.300714191,0.42719116210937497
372,1726,100.0,primary,Ang Mo Kio Avenue 6,103.84519536,1.37280204,38.3107283456,0.091661891,0.0953985595703125
373,1734,50.0,residential,Mayflower Road,103.84114227,1.37191555,38.299106011,0.502859627,0.44605895996093753
374,1079,100.0,residential,Ang Mo Kio Central 2,103.84604853,1.37416666,38.2831871726,0.443113708,0.36361572265625003
375,1423,50.0,residential,Ang Mo Kio Street 43,103.85554683,1.3674157,38.2667375044,0.527461131,0.53640869140625
376,12,50.0,secondary,Ang Mo Kio Avenue 10,103.85670209,1.367497,38.2563299699,0.387746138,0.378609619140625
377,1702,50.0,primary,Ang Mo Kio Avenue 3,103.84871982,1.36872569,38.2535077609,0.196829239,0.497825927734375
378,611,50.0,primary,Ang Mo Kio Avenue 6,103.8455456,1.37127394,38.2510038103,0.023316934,0.0220135498046875
379,2561,50.0,primary,Ang Mo Kio Avenue 8,103.84832176,1.37225818,38.2330314091,0.338799994,0.42853576660156256
380,2615,50.0,primary,Ang Mo Kio Avenue 5,103.85665618,1.37608938,38.2262535095,0.695312899,0.500933837890625
381,2349,100.0,residential,Mayflower Lane,103.8401276,1.37097366,38.2170976492,0.354073245,0.22839477539062503
382,2315,100.0,secondary,Ang Mo Kio Avenue 10,103.85685215,1.36913952,38.213924408,0.1126321,0.18607666015625
383,196,50.0,primary,Ang Mo Kio Avenue 8,103.84866344,1.37113634,38.2114950327,0.313632109,0.31913085937499996
384,1790,50.0,residential,Ang Mo Kio Street 43,103.85655772,1.36707111,38.197313162,0.354777008,0.2757574462890625
385,446,50.0,primary,Ang Mo Kio Avenue 8,103.84942035,1.36969137,38.1862250108,0.122130973,0.1227899169921875
386,1525,50.0,residential,Mayflower Road,103.84063785,1.37042654,38.1436488812,0.244907338,0.24694396972656252
387,855,50.0,secondary,Ang Mo Kio Avenue 10,103.85678686,1.36833152,38.1313613256,0.444078167,0.42602905273437497
388,281,50.0,primary,Ang Mo Kio Avenue 6,103.84489734,1.37579239,38.1157465848,0.023054228,0.06323486328125001
389,95,50.0,residential,Mayflower Drive,103.83873902,1.37336276,38.1087777274,0.28124669,0.20111328125
390,1296,50.0,primary,Ang Mo Kio Avenue 3,103.84504463,1.36906947,38.1053529467,0.04021821,0.030574340820312504
391,1140,50.0,residential,Mayflower Crescent,103.83933928,1.37302717,38.0949971335,0.480243883,0.5600323486328125
392,1291,50.0,residential,Ang Mo Kio Street 53,103.85092678,1.37569668,38.0908177694,0.273901471,0.43992431640624996
393,2024,50.0,residential,Mayflower Place,103.83944133,1.373605,38.0858562176,0.321620982,0.3944146728515625
394,1051,100.0,primary,Ang Mo Kio Avenue 5,103.84346504,1.37727496,38.0764451708,0.105501117,0.06272338867187499
395,2349,50.0,residential,Mayflower Lane,103.84057395,1.37102526,38.0426753651,0.251673443,0.19382629394531253
396,2044,100.0,residential,Ang Mo Kio Street 53,103.85076518,1.37396782,38.0392731887,0.39581858,0.49116271972656256
397,389,50.0,primary,Ang Mo Kio Avenue 3,103.84520785,1.36918813,38.0290920551,0.048030735,0.08117187499999999
398,2194,150.0,residential,Mayflower Terrace,103.83977888,1.3715511,38.0147972107,0.46805022,0.336263427734375
399,1895,50.0,primary,Ang Mo Kio Avenue 3,103.84583401,1.36897913,38.0142763578,0.027397222,0.06485758463541667
400,664,50.0,primary,Ang Mo Kio Avenue 3,103.84926709,1.36882437,37.9595092138,0.021945608,0.5270111083984375
401,2251,50.0,residential,Ang Mo Kio Street 53,103.85080794,1.37465851,37.9450209481,0.334023908,0.2833349609375
402,1191,100.0,primary,Ang Mo Kio Avenue 6,103.84530264,1.37310127,37.9366229131,0.087152004,0.09659667968749999
403,2024,150.0,residential,Mayflower Place,103.84030507,1.37339726,37.911980849,0.367078426,0.359853515625
404,2571,50.0,secondary,Ang Mo Kio Avenue 10,103.85684111,1.36797381,37.8944226778,0.29699622,0.201993408203125
405,1581,50.0,primary,Ang Mo Kio Avenue 6,103.84427379,1.38142847,37.8697706369,0.029495234,0.02023681640625
406,943,50.0,secondary,Ang Mo Kio Avenue 10,103.85678575,1.36899694,37.8321393331,0.188809826,0.2052984619140625
407,1482,50.0,residential,Mayflower Avenue,103.83966876,1.37156108,37.830517162,0.621476959,0.33586486816406247
408,846,50.0,primary,Ang Mo Kio Avenue 8,103.84863322,1.37090916,37.8264416781,0.447430906,0.35014404296874996
409,1313,50.0,secondary,Ang Mo Kio Avenue 10,103.85675988,1.36735829,37.8164763817,0.41442096,0.3357177734375
410,643,50.0,primary,Ang Mo Kio Avenue 6,103.84555483,1.37050368,37.8117922269,0.06748571,0.017391967773437503
411,163,50.0,primary,Ang Mo Kio Avenue 6,103.84454022,1.37897117,37.7996808566,0.033344235,0.028382568359375
412,183,200.0,primary,Ang Mo Kio Avenue 6,103.84419894,1.38226485,37.7868227277,0.051815607,0.0180743408203125
413,2397,50.0,residential,Ang Mo Kio Street 21,103.83476283,1.36794034,37.7859295932,0.421192286,0.3631585693359375
414,1051,50.0,primary,Ang Mo Kio Avenue 5,103.8439126,1.37731419,37.782467582,0.158383789,0.058422851562499996
415,2262,50.0,residential,Ang Mo Kio Central 2,103.84765612,1.37307428,37.7736861489,0.359707667,0.3455560302734375
416,2024,200.0,residential,Mayflower Place,103.8405449,1.37301999,37.7558634831,0.272337746,0.315557861328125
417,215,50.0,residential,Ang Mo Kio Street 53,103.85084322,1.37433748,37.7478725727,0.387184688,0.37438476562500006
418,2241,50.0,primary,Ang Mo Kio Avenue 8,103.84819504,1.37347547,37.7422180176,0.356217325,0.42050842285156254
419,1864,150.0,primary,Ang Mo Kio Avenue 5,103.84335997,1.37736979,37.7367861821,0.144923733,0.1119976806640625
420,2471,50.0,primary,Ang Mo Kio Avenue 6,103.84563192,1.37040803,37.730352255,0.062579342,0.028448486328124998
421,2315,50.0,secondary,Ang Mo Kio Avenue 10,103.85685013,1.36959153,37.7215796251,0.339629265,0.335394287109375
422,1482,150.0,residential,Mayflower Avenue,103.84003991,1.37073874,37.6960501237,0.609735302,0.6282055664062499
423,162,100.0,residential,Ang Mo Kio Street 43,103.85546213,1.3673405,37.6780034579,0.53882744,0.5625994873046876
424,862,50.0,residential,Mayflower Road,103.84105027,1.37128586,37.6726512909,0.405081579,0.4155731201171875
425,1482,100.0,residential,Mayflower Avenue,103.83985584,1.37115123,37.6409566062,0.574318392,0.511944580078125
426,744,50.0,primary,Ang Mo Kio Avenue 6,103.84558493,1.36959798,37.6174944364,0.027145259,0.0422015380859375
427,2324,50.0,primary,Ang Mo Kio Avenue 8,103.84509164,1.38088435,37.603380839,0.049789356,0.0397943115234375
428,2274,50.0,primary,Ang Mo Kio Avenue 8,103.84800469,1.37387861,37.5961366133,0.370429271,0.21406005859375
429,2081,50.0,primary,Ang Mo Kio Avenue 6,103.84529222,1.36868894,37.5849530147,0.023852533,0.0310174560546875
430,2691,50.0,primary, ,103.84482499,1.37695548,37.5830318744,0.016240406,0.04117553710937501
431,1559,50.0,residential,Ang Mo Kio Street 52,103.85401759,1.37237963,37.5826065757,0.367418091,0.3953143310546875
432,909,100.0,primary,Ang Mo Kio Avenue 5,103.85591839,1.37592047,37.5370704106,0.129696262,0.14870544433593752
433,2482,150.0,primary,Ang Mo Kio Avenue 8,103.8481266,1.3739815,37.5320765177,0.371770528,0.38146240234374995
434,1911,50.0,primary,Ang Mo Kio Avenue 6,103.84516207,1.37742855,37.5279687735,0.055732568,0.032044677734375006
435,1507,150.0,residential,Mayflower Rise,103.83920742,1.37188794,37.4908409119,0.432481504,0.4854840087890625
436,2050,200.0,primary,Ang Mo Kio Avenue 5,103.85288063,1.37597146,37.4809934176,0.332182681,0.2584759521484375
437,2296,50.0,residential,Ang Mo Kio Central 2,103.8478922,1.37314257,37.4758221553,0.255005955,0.2608349609375
438,882,50.0,residential,Ang Mo Kio Street 53,103.85080029,1.37363908,37.4560418562,0.416549521,0.420467529296875
439,164,150.0,residential,Serenade Walk,103.83453624,1.37977352,37.4118352618,0.475410302,0.452659912109375
440,183,150.0,primary,Ang Mo Kio Avenue 6,103.84416605,1.38271518,37.4109393033,0.087844662,0.257666015625
441,1171,50.0,primary,Ang Mo Kio Avenue 5,103.84425076,1.37738683,37.3835212708,0.054515486,0.031458740234375004
442,1432,50.0,residential,Ang Mo Kio Street 22,103.84101565,1.36718952,37.3732119969,0.397729995,0.4363580322265625
443,1890,50.0,residential,Ang Mo Kio Street 22,103.84084585,1.36718321,37.3695373535,0.387510677,0.46034118652343753
444,2044,50.0,residential,Ang Mo Kio Street 53,103.85073729,1.37351651,37.3669994899,0.347988508,0.3685662841796875
445,281,100.0,primary,Ang Mo Kio Avenue 6,103.84484486,1.37624148,37.3473146879,0.016503856,0.0456201171875
446,196,100.0,primary,Ang Mo Kio Avenue 8,103.84884999,1.37072497,37.3396503742,0.277085242,0.3290472412109375
447,1726,150.0,primary,Ang Mo Kio Avenue 6,103.84513203,1.37324971,37.3331916116,0.108311291,0.13613220214843752
448,446,100.0,primary,Ang Mo Kio Avenue 8,103.84963969,1.36929674,37.3322986256,0.088004276,0.088924560546875
449,2225,50.0,primary,Ang Mo Kio Avenue 3,103.84778904,1.36874547,37.2945414952,0.443418621,0.4059405517578125
450,2421,50.0,residential,Ang Mo Kio Central 1,103.84590889,1.37011429,37.2933381399,0.22778191,0.03820800781249999
451,2227,50.0,primary,Ang Mo Kio Avenue 3,103.84103826,1.3695884,37.282535553,0.343345931,0.32865966796875
452,658,50.0,secondary,Ang Mo Kio Avenue 10,103.85678437,1.36980767,37.2744334294,0.357379275,0.340311279296875
453,1191,50.0,primary,Ang Mo Kio Avenue 6,103.84524517,1.37354973,37.2234427712,0.072597239,0.1471319580078125
454,1614,50.0,primary,Ang Mo Kio Avenue 3,103.84081222,1.36967878,37.212995089,0.251761683,0.37553588867187504
455,2048,50.0,primary,Ang Mo Kio Avenue 6,103.84456809,1.3783125,37.1995248795,0.050236577,0.01760009765625
456,1903,50.0,primary,Ang Mo Kio Avenue 6,103.84493454,1.37614793,37.1939125061,0.023084665,0.056138916015625
457,408,50.0,primary,Ang Mo Kio Avenue 8,103.84483138,1.38090771,37.1927359445,0.019626693,0.026056518554687498
458,414,50.0,primary,Ang Mo Kio Avenue 5,103.84569323,1.37725287,37.1856196721,0.096776086,0.074991455078125
459,1051,150.0,primary,Ang Mo Kio Avenue 5,103.84301722,1.37723846,37.1747439702,0.231331659,0.248385009765625
460,1022,50.0,secondary,Ang Mo Kio Avenue 9,103.84047496,1.38339484,37.1468993596,0.286415991,0.384354248046875
461,444,100.0,primary,Ang Mo Kio Avenue 3,103.85578692,1.36940387,37.0832581954,0.274888353,0.2676068115234375
462,1745,50.0,primary,Ang Mo Kio Avenue 8,103.84630154,1.38008501,37.0662762324,0.261777548,0.3320172119140625
463,2201,50.0,residential,Yio Chu Kang Gardens,103.8380176,1.38128528,37.0505685806,0.234502014,0.0962005615234375
464,31,50.0,primary,Ang Mo Kio Avenue 3,103.8499685,1.36900686,37.0432803814,0.049834771,0.0349554443359375
465,1022,100.0,secondary,Ang Mo Kio Avenue 9,103.84087487,1.38360095,37.0333809486,0.362190409,0.3101910400390625
466,2403,50.0,residential,Ang Mo Kio Street 22,103.8439416,1.36875639,37.0209153493,0.231157965,0.270211181640625
467,410,150.0,primary,Ang Mo Kio Avenue 5,103.84600287,1.37707581,37.0164442796,0.197327456,0.165010986328125
468,2457,100.0,primary,Ang Mo Kio Avenue 6,103.8444372,1.37859187,37.0152757818,0.094451442,0.011014404296874999
469,931,50.0,primary,Ang Mo Kio Avenue 6,103.84506431,1.36789617,37.0092724391,0.059003554,0.047493896484375
470,2074,50.0,primary,Ang Mo Kio Avenue 6,103.84526503,1.36843891,37.0001693139,0.024291048,0.029512939453125
471,518,50.0,primary,Ang Mo Kio Avenue 5,103.85276298,1.37610294,36.9990545,0.270517685,0.261832275390625
472,1422,50.0,residential,Ang Mo Kio Street 22,103.84381645,1.3683342,36.9903312096,0.346051813,0.3042816162109375
473,2310,50.0,secondary,Ang Mo Kio Avenue 4,103.83697153,1.37254719,36.9741423925,0.646684433,0.6803002929687499
474,555,50.0,primary,Ang Mo Kio Avenue 5,103.85327221,1.37604694,36.9723946253,0.136533436,0.185384521484375
475,1023,50.0,primary,Ang Mo Kio Avenue 3,103.84135428,1.3696233,36.969370035,0.558588019,0.5571331787109375
476,972,50.0,primary,Ang Mo Kio Avenue 3,103.8555502,1.36937676,36.9480580417,0.195960606,0.30689208984375
477,1764,50.0,secondary,Ang Mo Kio Avenue 4,103.83741543,1.37386512,36.9465020987,0.192391431,0.2185552978515625
478,1680,50.0,primary,Ang Mo Kio Avenue 8,103.84570081,1.38060026,36.9424032484,0.217113425,0.18272460937499999
479,414,100.0,primary,Ang Mo Kio Avenue 5,103.84612607,1.37713357,36.9417232167,0.233202545,0.15795166015625
480,2683,150.0,primary,Ang Mo Kio Avenue 8,103.84627153,1.37994934,36.9238204956,0.342839837,0.3049981689453125
481,1286,150.0,secondary,Ang Mo Kio Avenue 9,103.84089278,1.38353404,36.8942731222,0.297367986,0.310098876953125
482,1071,100.0,residential,Ang Mo Kio Central 1,103.84706876,1.37004982,36.8810313298,0.15790646,0.13356628417968752
483,20,50.0,primary,Ang Mo Kio Avenue 3,103.85020184,1.36917273,36.8795490265,0.053788342,0.11579101562500001
484,2683,100.0,primary,Ang Mo Kio Avenue 8,103.84656572,1.37960759,36.8793825422,0.373266212,0.3247064208984375
485,1606,100.0,residential,Ang Mo Kio Street 43,103.85515063,1.36858239,36.8749202092,0.332081071,0.36275390625000004
486,1606,50.0,residential,Ang Mo Kio Street 43,103.85529372,1.36901083,36.8727974525,0.469796032,0.576207275390625
487,131,50.0,primary,Ang Mo Kio Avenue 3,103.84386743,1.36934749,36.8637681689,0.405392738,0.416663818359375
488,2218,200.0,primary,Ang Mo Kio Avenue 8,103.85077708,1.36735109,36.843441827,0.437068457,0.531248779296875
489,1745,100.0,primary,Ang Mo Kio Avenue 8,103.84660594,1.37975247,36.8378632863,0.30316058,0.3218939208984375
490,1864,100.0,primary,Ang Mo Kio Avenue 5,103.84291093,1.37735653,36.8296470642,0.403087476,0.39906311035156244
491,2457,50.0,primary,Ang Mo Kio Avenue 6,103.84452247,1.37814983,36.8289746371,0.08045539,0.01803955078125
492,1071,50.0,residential,Ang Mo Kio Central 1,103.84707647,1.36960854,36.8286123276,0.392121478,0.31155456542968746
493,1326,50.0,primary, ,103.84489599,1.37755001,36.8147029877,0.025846015,0.031580200195312505
494,545,50.0,residential,Mayflower Avenue,103.8404152,1.36995768,36.8058457008,0.447567412,0.32260986328125
495,2218,50.0,primary,Ang Mo Kio Avenue 8,103.8500967,1.36852212,36.7980824984,0.099456922,0.2122064208984375
496,427,50.0,residential,Yio Chu Kang Gardens,103.83830684,1.38164416,36.7876853943,0.200936172,0.12121398925781249
497,854,50.0,residential,Ang Mo Kio Street 12,103.84279341,1.37023573,36.7823392428,0.536714778,0.34892150878906253
498,1480,50.0,primary,Ang Mo Kio Avenue 3,103.84679608,1.36886257,36.7800352914,0.204497622,0.26682922363281253
499,229,50.0,residential,Ang Mo Kio Street 42,103.85269028,1.3674699,36.7412807758,0.390730397,0.3140789794921875
500,2050,150.0,primary,Ang Mo Kio Avenue 5,103.85332745,1.37592411,36.7083428701,0.18149814,0.2161639404296875
501,1137,50.0,residential,Ang Mo Kio Street 43,103.85528374,1.36938674,36.7007553794,0.378200707,0.2545074462890625
502,1245,50.0,residential,Ang Mo Kio Street 22,103.84367039,1.36796233,36.6985413688,0.45846689,0.3267315673828125
503,1210,50.0,residential,Ang Mo Kio Street 43,103.85496039,1.367669,36.6861079289,0.506899701,0.3962139892578125
504,210,50.0,primary,Ang Mo Kio Avenue 3,103.84725104,1.36892292,36.684122903,0.315601265,0.36746154785156254
505,999,50.0,residential,Mayflower Road,103.84103947,1.3706283,36.6665420532,0.327409744,0.28284423828125
506,955,50.0,primary,Ang Mo Kio Avenue 3,103.84346901,1.36926876,36.6644313519,0.332554987,0.265029296875
507,882,100.0,residential,Ang Mo Kio Street 53,103.8507725,1.37318776,36.6514760798,0.376384941,0.2769293212890625
508,2163,50.0,primary,Ang Mo Kio Avenue 8,103.85060341,1.3674289,36.6295127869,0.538065779,0.5031671142578125
509,1685,50.0,primary,Ang Mo Kio Avenue 6,103.84506451,1.37371288,36.6243383234,0.063387127,0.1170147705078125
510,1286,100.0,secondary,Ang Mo Kio Avenue 9,103.84131642,1.38368261,36.6119469863,0.16574643,0.27776611328125
511,709,150.0,primary,Ang Mo Kio Avenue 6,103.84452471,1.37970142,36.6051688561,0.055860534,0.043314208984375005
512,189,50.0,secondary,Ang Mo Kio Avenue 4,103.83782139,1.37456694,36.5980398996,0.491141937,0.509881591796875
513,912,50.0,residential,Ang Mo Kio Street 22,103.84357398,1.3679238,36.5859064375,0.410475925,0.41901123046875
514,969,50.0,residential,Ang Mo Kio Street 42,103.8528124,1.36734934,36.5853110093,0.36479963,0.291788330078125
515,2119,50.0,primary,Ang Mo Kio Avenue 3,103.84278271,1.36935789,36.5804240887,0.376825243,0.3235870361328125
516,200,50.0,residential,Ang Mo Kio Street 43,103.85482287,1.3677935,36.5689659119,0.408807766,0.34384277343749997
517,2272,50.0,residential,Ang Mo Kio Street 43,103.85517582,1.36888776,36.56305631,0.499808811,0.5323950195312499
518,867,50.0,residential,Ang Mo Kio Street 51,103.8544416,1.37223197,36.5627629416,0.408281449,0.4213427734375
519,2299,50.0,residential,Ang Mo Kio Street 23,103.84071671,1.3687005,36.5602584252,0.344953075,0.318076171875
520,402,50.0,primary,Ang Mo Kio Avenue 3,103.84037864,1.3696685,36.5360326767,0.489324868,0.5017572021484376
521,1643,50.0,secondary,Ang Mo Kio Avenue 4,103.83739847,1.37405645,36.5289895194,0.233837016,0.2136993408203125
522,489,100.0,primary,Ang Mo Kio Avenue 3,103.83977985,1.36981064,36.5010789724,0.339440841,0.4436297607421875
523,1047,50.0,tertiary,Ang Mo Kio Avenue 9,103.8465838,1.38429638,36.4832660968,0.349749201,0.3204754638671875
524,334,50.0,primary,Ang Mo Kio Avenue 3,103.84228811,1.3694301,36.4811090742,0.54388399,0.4735894775390625
525,1742,50.0,residential,Ang Mo Kio Street 61,103.84008936,1.38304898,36.4628047943,0.262254426,0.301900634765625
526,1826,100.0,tertiary,Ang Mo Kio Street 11,103.83753417,1.37116448,36.4594230652,0.500843011,0.440384521484375
527,334,100.0,primary,Ang Mo Kio Avenue 3,103.84184244,1.36948737,36.4493522644,0.290348715,0.45742004394531255
528,2218,150.0,primary,Ang Mo Kio Avenue 8,103.85055032,1.36774146,36.4475012559,0.294794858,0.34100708007812497
529,2419,50.0,residential,Ang Mo Kio Street 22,103.84037338,1.36741999,36.4424150907,0.283353988,0.21734375
530,207,50.0,primary,Ang Mo Kio Avenue 6,103.84442976,1.37969175,36.4272998174,0.025847794,0.034144287109375
531,859,50.0,residential,Thomson Close,103.83465368,1.37770775,36.3830616291,0.236975132,0.4029931640625
532,308,50.0,primary,Ang Mo Kio Avenue 3,103.84318888,1.36940495,36.3682403564,0.425577654,0.4221844482421875
533,715,50.0,primary,Ang Mo Kio Avenue 6,103.8438114,1.38419451,36.3606042862,0.037726274,0.06383544921875
534,133,50.0,primary,Ang Mo Kio Avenue 3,103.84213733,1.36952913,36.3512484233,0.424305697,0.4313897705078125
535,444,50.0,primary,Ang Mo Kio Avenue 3,103.85535209,1.36951745,36.3503036499,0.336368927,0.3333740234375
536,2163,100.0,primary,Ang Mo Kio Avenue 8,103.85037745,1.3678197,36.3443301274,0.535744483,0.4644830322265625
537,402,100.0,primary,Ang Mo Kio Avenue 3,103.83993268,1.3697234,36.3427602328,0.287205214,0.3608197021484375
538,1213,50.0,residential,Ang Mo Kio Street 44,103.85704623,1.36778252,36.3036398454,0.327957004,0.3157086181640625
539,2169,50.0,residential,Ang Mo Kio Street 22,103.8399517,1.36749105,36.294996435,0.32854217,0.4958905029296875
540,1383,50.0,secondary,Ang Mo Kio Avenue 4,103.83681367,1.37231674,36.2852458954,0.614356063,0.55642578125
541,1399,50.0,primary,Ang Mo Kio Avenue 5,103.85856671,1.37664275,36.2629421779,0.058537774,0.075938720703125
542,410,50.0,primary,Ang Mo Kio Avenue 5,103.84687501,1.37686221,36.2602888743,0.496008031,0.4138739013671875
543,1515,50.0,secondary,Ang Mo Kio Avenue 4,103.83818401,1.37484856,36.2441470806,0.577622109,0.5917401123046875
544,2096,50.0,residential,Ang Mo Kio Street 52,103.85117773,1.37297948,36.2120273297,0.514397662,0.4741119384765625
545,1826,50.0,tertiary,Ang Mo Kio Street 11,103.83708898,1.37110354,36.2120246887,0.357974827,0.12682861328125
546,204,50.0,residential,Ang Mo Kio Street 61,103.84169961,1.37996269,36.1910062937,0.34624327,0.448353271484375
547,407,50.0,residential,Yio Chu Kang Gardens,103.83864751,1.38120665,36.1817256383,0.344995457,0.3442633056640625
548,2545,50.0,tertiary,Ang Mo Kio Avenue 9,103.84429321,1.38415526,36.1812891279,0.177350805,0.09103515625
549,2482,100.0,primary,Ang Mo Kio Avenue 8,103.8480671,1.3744297,36.177596459,0.372891946,0.4140411376953125
550,1944,100.0,primary,Ang Mo Kio Avenue 6,103.84417175,1.38095297,36.1622575613,0.034679162,0.0257269287109375
551,1386,50.0,residential,Ang Mo Kio Street 61,103.84047272,1.38242771,36.1388147794,0.503960534,0.40674194335937497
552,1838,150.0,residential,Ang Mo Kio Street 12,103.84300734,1.37183596,36.1296026056,0.367610582,0.43097595214843754
553,173,150.0,primary,Ang Mo Kio Avenue 3,103.85394504,1.36976691,36.1275259165,0.166528661,0.2267584228515625
554,1869,100.0,primary,Ang Mo Kio Avenue 5,103.85112658,1.37612993,36.1265936631,0.215373092,0.24016235351562498
555,1869,50.0,primary,Ang Mo Kio Avenue 5,103.85157344,1.37608302,36.1136691754,0.306288284,0.34869873046875
556,410,100.0,primary,Ang Mo Kio Avenue 5,103.84643932,1.37697261,36.0966469901,0.423926607,0.293538818359375
557,173,50.0,primary,Ang Mo Kio Avenue 3,103.85481937,1.36957301,36.0901218761,0.520087852,0.4519610595703125
558,596,50.0,secondary,Ang Mo Kio Avenue 4,103.83680056,1.37206804,36.0892797617,0.700555022,0.577489013671875
559,173,100.0,primary,Ang Mo Kio Avenue 3,103.8543851,1.36968887,36.0863665067,0.450009974,0.4960528564453125
560,1335,50.0,primary,Ang Mo Kio Avenue 3,103.85064619,1.36930925,36.0831298828,0.024994423,0.0321697998046875
561,2140,50.0,primary,Ang Mo Kio Avenue 8,103.84794446,1.37435537,36.0805425644,0.396481469,0.37213745117187497
562,966,50.0,primary,Ang Mo Kio Avenue 3,103.85410392,1.36987383,36.0750708947,0.205742396,0.24340942382812497
563,254,50.0,tertiary,Ang Mo Kio Street 11,103.83715453,1.37103916,36.0609371479,0.361663355,0.4080145263671875
564,1956,50.0,primary,Ang Mo Kio Avenue 5,103.84246458,1.37717877,36.0570253225,0.464697852,0.4117242431640625
565,489,50.0,primary,Ang Mo Kio Avenue 3,103.83933303,1.36985793,36.0501143716,0.307372539,0.3491357421875
566,2633,50.0,primary,Ang Mo Kio Avenue 3,103.85459203,1.36974134,36.049533299,0.515278158,0.46114929199218746
567,2218,100.0,primary,Ang Mo Kio Avenue 8,103.85032356,1.36813182,36.0494367426,0.272882642,0.37313232421875
568,2359,50.0,primary,Ang Mo Kio Avenue 6,103.84352182,1.38450193,36.0458262517,0.127463853,0.075675048828125
569,2078,100.0,residential,Ang Mo Kio Street 52,103.85482823,1.37216307,36.0438620249,0.56487001,0.551270751953125
570,1498,50.0,tertiary,Ang Mo Kio Street 11,103.83839189,1.37126257,36.017243794,0.590942606,0.4826971435546875
571,1864,50.0,primary,Ang Mo Kio Avenue 5,103.84246446,1.37730591,36.0052868236,0.426960877,0.3407440185546875
572,933,50.0,residential,Ang Mo Kio Street 61,103.84196685,1.37958139,35.9997583117,0.467824617,0.48961730957031246
573,2144,50.0,residential,Ang Mo Kio Street 61,103.84427398,1.37978527,35.9888364352,0.075594897,0.039259033203125
574,76,100.0,residential,Ang Mo Kio Street 22,103.83992984,1.3675665,35.9864757244,0.355602294,0.4381048583984375
575,2488,50.0,primary,Ang Mo Kio Avenue 3,103.85730026,1.3690914,35.9770798316,0.434407288,0.3699139404296875
576,2387,50.0,residential,Ang Mo Kio Street 23,103.84055405,1.36783594,35.9769683251,0.341075964,0.321292724609375
577,1498,100.0,tertiary,Ang Mo Kio Street 11,103.83878943,1.37114439,35.9740028381,0.586915592,0.4988348388671875
578,2567,50.0,primary,Ang Mo Kio Avenue 3,103.85857749,1.36933491,35.9729684194,0.159560746,0.08570373535156249
579,183,100.0,primary,Ang Mo Kio Avenue 6,103.84413243,1.38316582,35.9494552612,0.082956394,0.0625
580,1487,50.0,secondary,Ang Mo Kio Avenue 4,103.8365611,1.37149035,35.9484053392,0.355737652,0.4040032958984375
581,1009,50.0,tertiary,Ang Mo Kio Street 11,103.83863484,1.3712067,35.918154203,0.585070264,0.4612493896484375
582,456,50.0,secondary,Ang Mo Kio Avenue 4,103.83664313,1.37104913,35.9112660335,0.197347801,0.1164971923828125
583,1286,50.0,secondary,Ang Mo Kio Avenue 9,103.84175876,1.38375918,35.9109104701,0.303867117,0.290274658203125
584,709,50.0,primary,Ang Mo Kio Avenue 6,103.84439219,1.38059475,35.9092052166,0.028902276,0.034129638671875
585,1922,50.0,primary,Ang Mo Kio Avenue 5,103.85009962,1.37624554,35.9015946021,0.258644551,0.293851318359375
586,1838,100.0,residential,Ang Mo Kio Street 12,103.84339806,1.37193445,35.8863865989,0.561560194,0.375574951171875
587,1745,150.0,primary,Ang Mo Kio Avenue 8,103.84688311,1.37939693,35.8783827562,0.266397107,0.3622186279296875
588,2683,50.0,primary,Ang Mo Kio Avenue 8,103.84685203,1.37925922,35.8705730438,0.425911229,0.36608703613281246
589,531,50.0,secondary,Ang Mo Kio Avenue 4,103.83887171,1.38187602,35.8658253596,0.705178087,0.676802978515625
590,857,50.0,secondary,Ang Mo Kio Avenue 4,103.83988653,1.37972913,35.8571950472,0.522602806,0.5444439697265625
591,1626,50.0,secondary,Ang Mo Kio Avenue 4,103.83670915,1.37051595,35.85360963,0.141637085,0.18734069824218752
592,773,50.0,residential,Ang Mo Kio Street 42,103.85250085,1.3681872,35.8516247089,0.352997544,0.36687561035156246
593,254,100.0,tertiary,Ang Mo Kio Street 11,103.83671052,1.37097013,35.8168304988,0.209673737,0.14585693359375
594,1164,50.0,residential,Ang Mo Kio Street 52,103.85244294,1.37274351,35.7989341191,0.453850711,0.41878540039062495
595,2347,50.0,residential,Ang Mo Kio Street 42,103.85257114,1.36825734,35.7745759147,0.421566927,0.36686767578125
596,2244,50.0,primary,Ang Mo Kio Avenue 5,103.84783872,1.37663668,35.7730064392,0.125064447,0.19443359375000002
597,1922,100.0,primary,Ang Mo Kio Avenue 5,103.84965342,1.3762984,35.7703690162,0.530224339,0.40620849609375004
598,2482,50.0,primary,Ang Mo Kio Avenue 8,103.84800747,1.37487788,35.7678735906,0.327527052,0.2771636962890625
599,946,50.0,secondary,Ang Mo Kio Avenue 4,103.8397636,1.37993603,35.7596484098,0.584736721,0.5204779052734375
600,435,50.0,residential,Ang Mo Kio Street 31,103.84516271,1.36714028,35.7593643882,0.145506652,0.11568115234375
601,1061,200.0,primary,Ang Mo Kio Avenue 5,103.84976996,1.37639589,35.7248673072,0.415597418,0.428665771484375
602,1838,50.0,residential,Ang Mo Kio Street 12,103.84384435,1.37188233,35.6896200914,0.575788613,0.44537231445312503
603,1447,50.0,residential,Ang Mo Kio Street 22,103.84334303,1.36757156,35.6894905784,0.391920949,0.340601806640625
604,1944,50.0,primary,Ang Mo Kio Avenue 6,103.84428332,1.38051541,35.6746826172,0.035326658,0.025026855468749998
605,2426,50.0,residential,Ang Mo Kio Street 21,103.83472978,1.36851456,35.6731904837,0.383363891,0.321361083984375
606,235,50.0,primary,Ang Mo Kio Avenue 5,103.85212961,1.37602804,35.6708196004,0.40653388,0.3625341796875
607,2095,100.0,residential,Yio Chu Kang Gardens,103.83787798,1.3818836,35.6490083174,0.208124946,0.2299627685546875
608,1739,50.0,residential,Ang Mo Kio Street 42,103.85238611,1.3686448,35.6440086365,0.575184804,0.3927191162109375
609,2472,50.0,tertiary,Ang Mo Kio Street 11,103.83619684,1.37099925,35.6313438416,0.359390629,0.26662414550781255
610,2208,50.0,residential, ,103.83833898,1.38086936,35.6181545258,0.237009615,0.3437921142578125
611,1178,50.0,tertiary,Ang Mo Kio Street 11,103.83889189,1.36995191,35.6131729713,0.34647752,0.3440447998046875
612,709,100.0,primary,Ang Mo Kio Avenue 6,103.84447833,1.38015118,35.6077359517,0.048483447,0.0426416015625
613,414,150.0,primary,Ang Mo Kio Avenue 5,103.84656791,1.37705158,35.5993572582,0.413930048,0.2970867919921875
614,183,50.0,primary,Ang Mo Kio Avenue 6,103.84402842,1.3836051,35.5912712642,0.071199825,0.065789794921875
615,2095,50.0,residential,Yio Chu Kang Gardens,103.83752338,1.38160594,35.5856868199,0.210172706,0.1156610107421875
616,158,50.0,primary,Ang Mo Kio Avenue 3,103.83881742,1.3699063,35.5638700632,0.298263671,0.34403320312499996
617,2570,100.0,secondary,Ang Mo Kio Avenue 10,103.85490975,1.37439724,35.5557263692,0.282337872,0.32065002441406254
618,1708,50.0,residential, ,103.83679692,1.38456118,35.5432686439,0.358647641,0.49459533691406243
619,534,100.0,primary,Ang Mo Kio Avenue 3,103.85318496,1.36992018,35.5394433339,0.025500644,0.1254998779296875
620,2532,100.0,primary,Ang Mo Kio Avenue 3,103.83658772,1.36872395,35.5252565237,0.278709743,0.3051446533203125
621,505,50.0,secondary,Ang Mo Kio Avenue 10,103.85662851,1.37168573,35.5238552094,0.358196041,0.277476806640625
622,173,200.0,primary,Ang Mo Kio Avenue 3,103.85349593,1.36977925,35.5102145855,0.136383035,0.151934814453125
623,1485,50.0,primary,Ang Mo Kio Avenue 3,103.83642443,1.36858771,35.5081184932,0.382411162,0.33474609375
624,2169,100.0,residential,Ang Mo Kio Street 22,103.83952489,1.36763229,35.5057185037,0.281814528,0.34638427734375
625,434,100.0,secondary,Ang Mo Kio Avenue 10,103.85664652,1.37139164,35.490266255,0.3894101,0.3724566650390625
626,1700,50.0,primary,Ang Mo Kio Avenue 3,103.83676796,1.36901177,35.4865474701,0.441946519,0.4620294189453125
627,632,100.0,primary,Ang Mo Kio Avenue 3,103.85235383,1.36963178,35.4810243334,0.030893006,0.192490234375
628,534,150.0,primary,Ang Mo Kio Avenue 3,103.85363345,1.36991915,35.4796861013,0.146870293,0.203077392578125
629,2532,150.0,primary,Ang Mo Kio Avenue 3,103.83635151,1.36834034,35.4647451547,0.32026001,0.3111651611328125
630,482,50.0,tertiary,Ang Mo Kio Street 11,103.83611927,1.37092229,35.4609250155,0.386731589,0.28286315917968746
631,1242,50.0,secondary,Ang Mo Kio Avenue 4,103.83897366,1.38188536,35.4594529959,0.69751044,0.6283502197265625
632,1468,150.0,primary,Ang Mo Kio Avenue 3,103.85082906,1.36923209,35.4445956094,0.016933461,0.3229986572265625
633,652,50.0,secondary,Ang Mo Kio Avenue 10,103.854902,1.37455067,35.4419724147,0.291859673,0.3675323486328125
634,1529,50.0,primary,Ang Mo Kio Avenue 3,103.83612825,1.36797249,35.4347372789,0.366376108,0.3946295166015624
635,1168,50.0,primary,Ang Mo Kio Avenue 8,103.847832,1.37523245,35.4175786105,0.341695771,0.35931335449218754
636,2570,150.0,secondary,Ang Mo Kio Avenue 10,103.85472533,1.37480828,35.3957149506,0.296865107,0.20788757324218748
637,1108,50.0,residential,Ang Mo Kio Central 3,103.84766268,1.37525486,35.3508460305,0.303863504,0.3445318603515625
638,43,50.0,primary,Ang Mo Kio Avenue 3,103.83838154,1.36979219,35.3479235967,0.362660545,0.363209228515625
639,2532,50.0,primary,Ang Mo Kio Avenue 3,103.8368934,1.36905494,35.3471973126,0.471409823,0.42700073242187503
640,534,50.0,primary,Ang Mo Kio Avenue 3,103.85274183,1.36984559,35.3439077898,0.039959283,0.0845111083984375
641,1893,50.0,primary,Ang Mo Kio Avenue 8,103.84784703,1.37619668,35.3408015115,0.310968089,0.2499945068359375
642,632,50.0,primary,Ang Mo Kio Avenue 3,103.85279233,1.36973028,35.3405441871,0.032607888,0.044410400390625
643,964,50.0,residential,Ang Mo Kio Street 44,103.857284,1.36783188,35.3259026664,0.358684809,0.2561419677734375
644,2705,50.0,tertiary,Ang Mo Kio Avenue 9,103.84680016,1.38419002,35.3258601597,0.284839957,0.254403076171875
645,1376,100.0,residential,Yio Chu Kang Gardens,103.83827811,1.38065227,35.3253167959,0.398046938,0.39218749999999997
646,1862,50.0,primary,Ang Mo Kio Avenue 3,103.83719149,1.36935371,35.3145029885,0.221078264,0.17506835937499998
647,598,50.0,primary,Ang Mo Kio Avenue 5,103.85140929,1.37623007,35.3068757491,0.320835991,0.3537298583984375
648,1530,50.0,residential,Ang Mo Kio Street 54,103.85706954,1.37329842,35.3056354523,0.531576329,0.35140686035156254
649,1795,50.0,residential,Thomson Close,103.83475934,1.37766655,35.2969249379,0.279035205,0.4315435791015625
650,2532,200.0,primary,Ang Mo Kio Avenue 3,103.83617229,1.3679275,35.2891332186,0.380593661,0.3408624267578125
651,2208,100.0,residential, ,103.83798533,1.38059046,35.2884345421,0.308714875,0.346798095703125
652,15,50.0,residential,Ang Mo Kio Street 54,103.85641609,1.37274452,35.2702956566,0.528561241,0.475460205078125
653,1933,50.0,secondary,Ang Mo Kio Avenue 4,103.83844959,1.37513891,35.261932373,0.525466309,0.5231646728515624
654,2201,100.0,residential,Yio Chu Kang Gardens,103.83766368,1.38100673,35.2567947933,0.42136237,0.2924346923828125
655,985,50.0,residential,Ang Mo Kio Street 52,103.85318668,1.37259635,35.2526893616,0.536475322,0.45600280761718753
656,1299,50.0,secondary,Ang Mo Kio Avenue 4,103.83697885,1.3697546,35.2453890714,0.660751543,0.5417626953125
657,1302,50.0,secondary,Ang Mo Kio Avenue 10,103.85679439,1.37109659,35.2450034402,0.293531728,0.319906005859375
658,819,50.0,residential,Ang Mo Kio Street 22,103.84306927,1.36736557,35.2431624276,0.421135497,0.45619323730468747
659,1061,150.0,primary,Ang Mo Kio Avenue 5,103.84932575,1.37646365,35.2360185896,0.520068697,0.42273315429687497
660,1451,50.0,residential,Ang Mo Kio Street 54,103.85851509,1.37102568,35.2330891536,0.499412452,0.3654620361328125
661,71,50.0,tertiary,Ang Mo Kio Street 63,103.84798576,1.38417361,35.2275235103,0.376931838,0.3498455810546875
662,1666,50.0,primary,Ang Mo Kio Avenue 8,103.84790247,1.37571514,35.2252699045,0.469656096,0.5193939208984375
663,76,50.0,residential,Ang Mo Kio Street 22,103.83950296,1.36770754,35.2069438299,0.315169281,0.438182373046875
664,1626,100.0,secondary,Ang Mo Kio Avenue 4,103.83686276,1.37009253,35.204914638,0.621234907,0.4799200439453125
665,2488,100.0,primary,Ang Mo Kio Avenue 3,103.8577487,1.36906376,35.1921245868,0.477291103,0.3869354248046875
666,1922,150.0,primary,Ang Mo Kio Avenue 5,103.8492083,1.37635929,35.1796085651,0.503306845,0.4198382568359375
667,1076,200.0,secondary,Ang Mo Kio Avenue 4,103.83894707,1.3753928,35.1778728779,0.650521769,0.5843218994140624
668,241,50.0,secondary,Ang Mo Kio Avenue 10,103.85519797,1.374085,35.1678587596,0.438278767,0.28422119140625
669,419,50.0,secondary,Ang Mo Kio Avenue 9,103.83968494,1.3828592,35.1279649734,0.364638687,0.3262689208984375
670,1618,50.0,primary,Ang Mo Kio Avenue 3,103.858286,1.36898003,35.1278168815,0.186955316,0.20350280761718753
671,1376,50.0,residential,Yio Chu Kang Gardens,103.83863128,1.38093178,35.1277014414,0.425196471,0.470635986328125
672,2150,50.0,primary,Ang Mo Kio Avenue 5,103.85549517,1.37576214,35.114659236,0.442028534,0.33114013671875
673,449,50.0,residential,Ang Mo Kio Street 61,103.84397917,1.37968925,35.1144913893,0.351520113,0.17382080078125
674,807,50.0,secondary,Ang Mo Kio Avenue 4,103.83717713,1.36953356,35.1078236898,0.27073305,0.1998065185546875
675,888,50.0,tertiary,Ang Mo Kio Street 11,103.83560657,1.37095827,35.1072254181,0.380747323,0.29218505859375
676,2570,50.0,secondary,Ang Mo Kio Avenue 10,103.85516022,1.37402184,35.088910784,0.419321125,0.34104736328125
677,434,50.0,secondary,Ang Mo Kio Avenue 10,103.85673746,1.37094912,35.0768558796,0.273683208,0.29814208984375
678,1745,200.0,primary,Ang Mo Kio Avenue 8,103.84712584,1.37901658,35.0636967746,0.23579883,0.3429241943359375
679,1302,100.0,secondary,Ang Mo Kio Avenue 10,103.85685119,1.37064833,35.0428114671,0.332539189,0.326859130859375
680,2513,50.0,primary,Ang Mo Kio Avenue 6,103.84391343,1.3828008,35.0417803251,0.074284986,0.028326416015624998
681,1062,100.0,secondary,Ang Mo Kio Avenue 4,103.83968618,1.38055513,35.0410697243,0.621641243,0.5983111572265625
682,909,50.0,primary,Ang Mo Kio Avenue 5,103.85547099,1.37588125,35.0281333923,0.471938827,0.2854107666015625
683,335,50.0,secondary,Ang Mo Kio Avenue 10,103.85636917,1.37217049,35.0211750911,0.516313878,0.4176995849609375
684,1028,50.0,secondary,Ang Mo Kio Avenue 4,103.83888092,1.37543206,35.0153898759,0.646675218,0.5842657470703125
685,1469,100.0,secondary,Ang Mo Kio Avenue 9,103.84355995,1.38406973,35.0063095093,0.068463193,0.041671142578125
686,2138,50.0,primary,Ang Mo Kio Avenue 3,103.83742665,1.36943297,35.0054536547,0.252377408,0.1906451416015625
687,109,50.0,residential,Ang Mo Kio Street 44,103.85751608,1.36776086,34.9596231634,0.380333344,0.3258843994140625
688,1061,100.0,primary,Ang Mo Kio Avenue 5,103.84888601,1.37655577,34.9521209172,0.492992418,0.44349121093750005
689,1956,100.0,primary,Ang Mo Kio Avenue 5,103.84201817,1.37712774,34.9275387851,0.459438039,0.33371337890625
690,330,100.0,secondary,Ang Mo Kio Avenue 9,103.84281952,1.3838937,34.9122789556,0.157586264,0.1127789306640625
691,1588,50.0,residential,Ang Mo Kio Street 54,103.85805709,1.3703075,34.9093214182,0.519228823,0.438026123046875
692,241,100.0,secondary,Ang Mo Kio Avenue 10,103.85545111,1.37371142,34.8983216719,0.279039727,0.2357354736328125
693,1645,50.0,residential,Ang Mo Kio Street 24,103.84343435,1.36744992,34.8955655779,0.382956034,0.27081298828125
694,1061,50.0,primary,Ang Mo Kio Avenue 5,103.84844707,1.37665227,34.8943917411,0.529268271,0.4219696044921875
695,2545,100.0,tertiary,Ang Mo Kio Avenue 9,103.8447381,1.38421786,34.88996315,0.239715987,0.09103515625
696,1076,150.0,secondary,Ang Mo Kio Avenue 4,103.83923812,1.37573338,34.8822930654,0.694522957,0.582559814453125
697,1922,200.0,primary,Ang Mo Kio Avenue 5,103.84876681,1.37644318,34.880868765,0.504519669,0.42363647460937504
698,597,50.0,residential,Lentor Drive,103.8372886,1.38413927,34.8360906748,0.133628806,0.1145794677734375
699,1402,50.0,residential,Ang Mo Kio Street 51,103.85421492,1.37136446,34.8212572734,0.425999654,0.3919573974609375
700,1335,100.0,primary,Ang Mo Kio Avenue 3,103.85107482,1.36944467,34.8175732539,0.019329422,0.0663446044921875
701,598,100.0,primary,Ang Mo Kio Avenue 5,103.85185598,1.37618153,34.7991740887,0.425851597,0.37990966796875
702,1050,100.0,secondary,Ang Mo Kio Avenue 10,103.85609632,1.37278556,34.7916491582,0.472873557,0.458931884765625
703,2161,50.0,residential,Ang Mo Kio Street 21,103.83554121,1.36768812,34.7848358154,0.459613759,0.34582946777343754
704,1468,100.0,primary,Ang Mo Kio Avenue 3,103.85126419,1.3693446,34.7569227952,0.027531151,0.26093933105468753
705,278,50.0,residential,Ang Mo Kio Street 53,103.84920628,1.37237725,34.7490096459,0.410744054,0.43443664550781247
706,2494,100.0,secondary,Ang Mo Kio Avenue 4,103.83984175,1.37860263,34.7306685814,0.477972395,0.5893109130859375
707,164,50.0,residential,Serenade Walk,103.83491314,1.3789569,34.7028143956,0.240682483,0.27627746582031254
708,1004,50.0,primary,Yio Chu Kang Road,103.83652911,1.382828,34.6627991994,0.55112728,0.5809124755859375
709,946,100.0,secondary,Ang Mo Kio Avenue 4,103.83963539,1.38036884,34.6601148333,0.68886002,0.6378582763671875
710,1376,150.0,residential,Yio Chu Kang Gardens,103.83792971,1.38036679,34.6468647548,0.498316712,0.443907470703125
711,1121,50.0,secondary,Ang Mo Kio Avenue 9,103.83899734,1.38243358,34.6252951989,0.418512205,0.2902783203125
712,2541,50.0,secondary,Ang Mo Kio Avenue 2,103.83467306,1.3765341,34.6221723557,0.199346198,0.1574969482421875
713,2169,150.0,residential,Ang Mo Kio Street 22,103.83909936,1.36777733,34.5975480761,0.299108704,0.348531494140625
714,598,150.0,primary,Ang Mo Kio Avenue 5,103.85230267,1.376133,34.5651741028,0.451886245,0.427230224609375
715,1792,50.0,secondary,Ang Mo Kio Avenue 4,103.83928121,1.38138923,34.5580212729,0.448565186,0.513992919921875
716,594,50.0,primary,Ang Mo Kio Avenue 6,103.84384202,1.38344931,34.530752182,0.146261766,0.052840576171875
717,555,100.0,primary,Ang Mo Kio Avenue 5,103.85371852,1.37599498,34.5200330561,0.386688976,0.39841674804687505
718,221,50.0,tertiary,Ang Mo Kio Street 11,103.8352744,1.3709148,34.5187056859,0.366809754,0.2744146728515625
719,1615,50.0,residential,Yio Chu Kang Gardens,103.83626263,1.38115656,34.5171884809,0.640729534,0.5117266845703125
720,1005,100.0,primary,Ang Mo Kio Avenue 5,103.84057879,1.3771334,34.5102669398,0.323599874,0.3472650146484375
721,2078,50.0,residential,Ang Mo Kio Street 52,103.8552642,1.3720548,34.5074768066,0.52284919,0.526265869140625
722,1627,50.0,secondary,Ang Mo Kio Avenue 2,103.83486784,1.37674558,34.4663505554,0.19781204,0.24191650390625002
723,1653,50.0,secondary,Ang Mo Kio Avenue 9,103.83908762,1.3825573,34.4546083723,0.330716233,0.2877935791015625
724,2532,250.0,primary,Ang Mo Kio Avenue 3,103.83601787,1.36750286,34.4323747808,0.395280085,0.431387939453125
725,1005,50.0,primary,Ang Mo Kio Avenue 5,103.84012975,1.37712901,34.407214078,0.293624997,0.33695739746093756
726,1528,50.0,primary,Yio Chu Kang Road,103.83636151,1.38284036,34.3990637461,0.607506062,0.5517321777343749
727,21,50.0,tertiary,Ang Mo Kio Avenue 9,103.84720444,1.3841466,34.3936673945,0.338131274,0.26645751953125
728,582,50.0,primary,Ang Mo Kio Avenue 5,103.83942997,1.37713142,34.3908642856,0.154257747,0.1830609130859375
729,612,50.0,primary,Ang Mo Kio Avenue 5,103.83980962,1.37701222,34.3814530006,0.247957018,0.23627441406250002
730,1768,50.0,secondary,Ang Mo Kio Avenue 4,103.83979393,1.37919805,34.3619692876,0.336130867,0.3319000244140625
731,2050,100.0,primary,Ang Mo Kio Avenue 5,103.85377426,1.37587676,34.3583259583,0.424540957,0.3725714111328125
732,1376,250.0,residential,Yio Chu Kang Gardens,103.83720525,1.3799377,34.3545341492,0.554406661,0.5139923095703125
733,921,100.0,primary,Ang Mo Kio Avenue 3,103.83805907,1.36981105,34.3440366892,0.475069869,0.45719238281249996
734,625,50.0,secondary,Ang Mo Kio Avenue 4,103.8397034,1.37735989,34.3290427072,0.276926466,0.095655517578125
735,1050,50.0,secondary,Ang Mo Kio Avenue 10,103.85583752,1.37315518,34.3220335153,0.408407562,0.40239013671875
736,327,50.0,secondary,Ang Mo Kio Avenue 4,103.83959911,1.3775893,34.3212786588,0.435799554,0.45154052734375
737,1015,50.0,secondary,Ang Mo Kio Avenue 10,103.85593531,1.37290784,34.295343399,0.491345637,0.4684112548828125
738,1015,100.0,secondary,Ang Mo Kio Avenue 10,103.85566931,1.37327226,34.2904352461,0.312640672,0.351151123046875
739,327,100.0,secondary,Ang Mo Kio Avenue 4,103.83965487,1.37803796,34.2634955186,0.514230891,0.5631146240234375
740,2494,50.0,secondary,Ang Mo Kio Avenue 4,103.8398947,1.37905166,34.2435502272,0.252715074,0.27677734375
741,1027,50.0,residential,Ang Mo Kio Street 22,103.83868181,1.36797639,34.2408579313,0.409114102,0.3836737060546874
742,921,50.0,primary,Ang Mo Kio Avenue 3,103.83763702,1.36965602,34.2285097296,0.370057078,0.4228240966796875
743,1746,50.0,residential,Ang Mo Kio Street 61,103.84339172,1.37967227,34.2276883807,0.485280633,0.4721722412109375
744,1469,50.0,secondary,Ang Mo Kio Avenue 9,103.84311488,1.38400797,34.2134472774,0.069512555,0.038916625976562494
745,1376,350.0,residential,Yio Chu Kang Gardens,103.83665124,1.38064899,34.2052962563,0.594128284,0.473238525390625
746,1004,100.0,primary,Yio Chu Kang Road,103.8362456,1.38247735,34.1752554087,0.40626248,0.47051696777343743
747,1526,50.0,residential,Ang Mo Kio Street 13,103.83440155,1.37518479,34.1552092234,0.400671677,0.229158935546875
748,1899,50.0,primary,Ang Mo Kio Avenue 8,103.84740778,1.37847765,34.1235140287,0.266638805,0.34726318359375
749,1021,50.0,primary,Yio Chu Kang Road,103.83689145,1.38332623,34.1199866075,0.552813239,0.49648193359375
750,1615,100.0,residential,Yio Chu Kang Gardens,103.83598876,1.38151502,34.1063145229,0.674478331,0.5093017578125
751,750,50.0,residential,Thomson Hill,103.8348425,1.37820037,34.0337308248,0.385670533,0.296259765625
752,1305,50.0,residential,Ang Mo Kio Street 22,103.83823777,1.3680543,34.0317236582,0.452295465,0.4009686279296875
753,360,50.0,secondary,Ang Mo Kio Avenue 4,103.83846499,1.38264184,34.0312250577,0.621059299,0.6174365234375
754,1076,50.0,secondary,Ang Mo Kio Avenue 4,103.8395549,1.37657333,34.0307077261,0.464023558,0.4496221923828125
755,216,50.0,primary,Ang Mo Kio Avenue 5,103.83910233,1.37702259,34.0276998792,0.406628114,0.372982177734375
756,2150,100.0,primary,Ang Mo Kio Avenue 5,103.85504631,1.37575707,34.0180174021,0.497596683,0.29421630859375
757,1376,300.0,residential,Yio Chu Kang Gardens,103.83692634,1.38029148,34.0059398304,0.626305835,0.5710174560546875
758,1546,50.0,residential,Ang Mo Kio Street 22,103.8430174,1.36720911,33.9962882996,0.487206507,0.443758544921875
759,164,200.0,residential,Serenade Walk,103.83432821,1.38016901,33.9945746202,0.447203535,0.5220501708984375
760,2223,100.0,residential,Lentor Hills Road,103.83479025,1.38338976,33.9863985502,0.268564675,0.4644927978515625
761,1773,50.0,secondary,Ang Mo Kio Avenue 4,103.839281,1.37599785,33.9633014386,0.675841625,0.5284130859374999
762,1062,50.0,secondary,Ang Mo Kio Avenue 4,103.83950604,1.38096877,33.9561182658,0.639685283,0.5968316650390625
763,2210,50.0,residential,Ang Mo Kio Street 51,103.85434872,1.37182263,33.9404626326,0.596922493,0.5390673828125
764,243,150.0,residential,Lentor Hills Road,103.83488807,1.38335032,33.8871697017,0.354774446,0.43213012695312497
765,1953,50.0,residential,Ang Mo Kio Street 22,103.83785139,1.36806139,33.8835007804,0.448352303,0.46831726074218744
766,1548,150.0,primary,Ang Mo Kio Avenue 8,103.84729813,1.37839583,33.8645595204,0.266299517,0.2823980712890625
767,1468,50.0,primary,Ang Mo Kio Avenue 3,103.85169775,1.36946319,33.8584428267,0.033115407,0.2161383056640625
768,724,50.0,secondary,Ang Mo Kio Avenue 4,103.83933097,1.38108073,33.8495740891,0.485671192,0.47789916992187503
769,1376,200.0,residential,Yio Chu Kang Gardens,103.83758429,1.38007763,33.8360967636,0.379160732,0.38265625000000003
770,330,50.0,secondary,Ang Mo Kio Avenue 9,103.8432653,1.38395008,33.6991825104,0.04598451,0.135322265625
771,1305,100.0,residential,Ang Mo Kio Street 22,103.83780696,1.36797827,33.6711730957,0.450194272,0.4011968994140625
772,1339,50.0,primary,Ang Mo Kio Avenue 3,103.8516268,1.36960106,33.6677539532,0.062349947,0.06131835937499999
773,1076,100.0,secondary,Ang Mo Kio Avenue 4,103.83944255,1.37613577,33.6650238037,0.605322285,0.5628192138671875
774,1548,100.0,primary,Ang Mo Kio Avenue 8,103.84742931,1.37796369,33.6297569275,0.431060678,0.391080322265625
775,1032,50.0,residential,Yio Chu Kang Gardens,103.83709979,1.38066583,33.6254341819,0.443770262,0.37906860351562494
776,145,50.0,tertiary,Ang Mo Kio Street 11,103.83496489,1.37099755,33.5878152114,0.344230033,0.366968994140625
777,1295,50.0,secondary,Ang Mo Kio Avenue 4,103.8383623,1.38263953,33.5424631292,0.649739878,0.639150390625
778,1004,150.0,primary,Yio Chu Kang Road,103.8359482,1.3821385,33.5413559505,0.458214971,0.4119775390625
779,2223,150.0,residential,Lentor Hills Road,103.83494023,1.38381582,33.4536427585,0.364000164,0.44337341308593753
780,1829,100.0,primary,Ang Mo Kio Avenue 8,103.84765981,1.37758371,33.4212167913,0.321428808,0.34253723144531256
781,243,200.0,residential,Lentor Hills Road,103.83468196,1.38294955,33.3899429866,0.390597917,0.37918823242187505
782,1173,50.0,primary,Ang Mo Kio Avenue 5,103.84160544,1.37721268,33.3848108564,0.391245416,0.34435668945312503
783,750,100.0,residential,Thomson Hill,103.83441878,1.37805007,33.3818292618,0.280483957,0.23736511230468751
784,243,100.0,residential,Lentor Hills Road,103.83503991,1.38377573,33.3666024889,0.405283479,0.5178619384765625
785,1548,50.0,primary,Ang Mo Kio Avenue 8,103.84752873,1.37752299,33.3504063533,0.441602599,0.4258758544921875
786,156,50.0,primary,Yio Chu Kang Road,103.83580862,1.38217627,33.3459628423,0.383566393,0.26661682128906244
787,2223,50.0,residential,Lentor Hills Road,103.83456374,1.38300082,33.3416671753,0.264426396,0.402459716796875
788,100,50.0,secondary,Ang Mo Kio Avenue 4,103.83793928,1.38332316,33.3265852928,0.570091344,0.5375915527343751
789,121,50.0,primary,Ang Mo Kio Avenue 3,103.83587421,1.3670702,33.325359072,0.501247885,0.5174432373046876
790,2405,50.0,primary,Yio Chu Kang Road,103.83536457,1.38158201,33.3225179819,0.595665767,0.5715496826171875
791,1829,50.0,primary,Ang Mo Kio Avenue 8,103.84755663,1.37802381,33.3156460849,0.364751361,0.3960223388671875
792,2269,50.0,primary,Yio Chu Kang Road,103.83515184,1.38159199,33.2653497549,0.5091918,0.41030151367187495
793,329,50.0,primary,Ang Mo Kio Avenue 5,103.83503112,1.37979535,33.208258311,0.656502637,0.45226684570312503
794,1649,150.0,primary,Ang Mo Kio Avenue 5,103.83762184,1.377241,33.119688901,0.344221595,0.31731018066406247
795,2223,200.0,residential,Lentor Hills Road,103.83508598,1.38424349,33.1158755376,0.332458986,0.37586181640625
796,243,50.0,residential,Lentor Hills Road,103.83518789,1.38420257,33.1054247343,0.43317848,0.460870361328125
797,1005,150.0,primary,Ang Mo Kio Avenue 5,103.84102736,1.37715901,33.0644572865,0.363495603,0.3311431884765625
798,1295,100.0,secondary,Ang Mo Kio Avenue 4,103.8380847,1.38299508,32.9897070798,0.446290937,0.3425579833984375
799,1844,50.0,tertiary,Ang Mo Kio Street 11,103.83471668,1.37098152,32.9783125657,0.407537919,0.2756597900390625
800,216,200.0,primary,Ang Mo Kio Avenue 5,103.83776006,1.37709907,32.964858373,0.309641844,0.29202392578124997
801,1226,50.0,primary,Ang Mo Kio Avenue 5,103.84111036,1.37703838,32.9400277571,0.262109725,0.2903546142578125
802,356,50.0,primary,Ang Mo Kio Avenue 5,103.83732736,1.3772198,32.8390420278,0.578478232,0.43112487792968746
803,2631,50.0,primary,Ang Mo Kio Avenue 5,103.83610855,1.37832539,32.7219285098,0.540943847,0.44804687499999996
804,1649,100.0,primary,Ang Mo Kio Avenue 5,103.83720187,1.37740124,32.6471014023,0.544625829,0.4846856689453125
805,2415,50.0,residential,Ang Mo Kio Street 13,103.83470007,1.37517298,32.5840791556,0.53914827,0.412359619140625
806,243,250.0,residential,Lentor Hills Road,103.8343657,1.38263026,32.5135222215,0.145271103,0.2201025390625
807,216,100.0,primary,Ang Mo Kio Avenue 5,103.83865306,1.3770269,32.3908506121,0.477110814,0.4806951904296875
808,2632,50.0,primary,Ang Mo Kio Avenue 5,103.83473138,1.38021771,32.3250302535,0.788727522,0.5387982177734375
809,1649,200.0,primary,Ang Mo Kio Avenue 5,103.83806443,1.37716646,32.2969660759,0.309764368,0.2991217041015625
810,555,150.0,primary,Ang Mo Kio Avenue 5,103.85416483,1.37594302,32.0725822449,0.478837018,0.381058349609375
811,1333,50.0,secondary,Ang Mo Kio Avenue 2,103.83620481,1.37781685,32.0155451638,0.392016929,0.427164306640625
812,1951,50.0,primary,Ang Mo Kio Avenue 5,103.83486338,1.38020938,31.9964041276,0.734043506,0.5109625244140625
813,1649,250.0,primary,Ang Mo Kio Avenue 5,103.83851269,1.37713748,31.9488282637,0.472901464,0.5144793701171875
814,2673,100.0,primary,Ang Mo Kio Avenue 5,103.83651879,1.37780603,31.9241290459,0.526660731,0.4581915283203125
815,858,50.0,residential,Ellington Square,103.83503853,1.37183141,31.9014663696,0.259403669,0.287738037109375
816,1649,50.0,primary,Ang Mo Kio Avenue 5,103.83683779,1.37766212,31.8274988028,0.706933934,0.550008544921875
817,1266,50.0,secondary,Ang Mo Kio Avenue 2,103.83549814,1.37725295,31.6986983373,0.392466465,0.3865863037109375
818,2673,50.0,primary,Ang Mo Kio Avenue 5,103.83684346,1.37749347,31.5550255775,0.724711125,0.5359619140625
819,1478,100.0,residential,Ellington Square,103.83523899,1.37224192,31.5488471985,0.285109318,0.17023559570312502
820,858,100.0,residential,Ellington Square,103.83477716,1.37146362,31.5125340548,0.292033074,0.3123583984375
821,1266,100.0,secondary,Ang Mo Kio Avenue 2,103.8358445,1.37754096,31.4977404731,0.332565915,0.4175933837890625
822,216,150.0,primary,Ang Mo Kio Avenue 5,103.83820386,1.37703413,31.4420193263,0.44702106,0.382891845703125
823,2631,200.0,primary,Ang Mo Kio Avenue 5,103.83530564,1.37941494,31.3283853531,0.393680312,0.3591827392578125
824,929,50.0,residential,Ang Mo Kio Street 13,103.83636276,1.37373228,31.2054105238,0.593465038,0.4591925048828125
825,1478,50.0,residential,Ellington Square,103.83487057,1.37250073,31.0267884391,0.388618627,0.3980377197265625
826,2631,100.0,primary,Ang Mo Kio Avenue 5,103.83584358,1.37869057,31.0130887032,0.505316049,0.42583557128906246
827,1948,50.0,residential,Ellington Square,103.83466327,1.37147704,30.9961492365,0.319965234,0.30351623535156247
828,2631,150.0,primary,Ang Mo Kio Avenue 5,103.83557586,1.37905369,30.8665005366,0.738654941,0.5314031982421875
829,1078,50.0,primary,Ang Mo Kio Avenue 5,103.835835,1.37888469,30.8208770752,0.544865064,0.36601318359374996
830,2620,50.0,primary,Ang Mo Kio Avenue 5,103.83533437,1.37958595,30.6995585305,0.498589667,0.40511230468750004
831,1854,100.0,residential,Ang Mo Kio Street 13,103.83622579,1.37384191,30.6667324946,0.626963347,0.5217401123046875
832,929,100.0,residential,Ang Mo Kio Street 13,103.83595554,1.37392061,29.7557128026,0.743699762,0.5085052490234375
833,1854,50.0,residential,Ang Mo Kio Street 13,103.83583469,1.37405723,28.9714984894,0.755799516,0.5391680908203125
834,929,150.0,residential,Ang Mo Kio Street 13,103.83562295,1.37422056,28.2390173399,0.806369337,0.5347857666015625
